{"cameraMode":{"drawMode":0,"name":"Shaded","section":"Shading Mode"},"sceneLighting":true,"audioPlay":false,"sceneViewState":{"showFog":true,"showMaterialUpdate":false,"showSkybox":true,"showFlares":true,"showImageEffects":true,"showParticleSystems":true},"in2DMode":false,"pivot":{"x":15.661508560180664,"y":22.393360137939454,"z":330.91082763671877},"rotation":{"x":-0.27542415261268618,"y":0.6558639407157898,"z":-0.28025975823402407,"w":-0.6445451974868774},"size":8.083316802978516,"orthographic":false}